<?xml version="1.0" encoding="UTF-8"?>
<metadata xml:lang="ja"><Esri><CreaDate>20250306</CreaDate><CreaTime>22150000</CreaTime><ArcGISFormat>1.0</ArcGISFormat><ArcGISstyle>Item Description</ArcGISstyle><SyncOnce>TRUE</SyncOnce><DataProperties><lineage><Process ToolSource="c:\program files (x86)\arcgis\desktop10.8\ArcToolbox\Toolboxes\Data Management Tools.tbx\CreateFeatureclass" Date="20250109" Time="104618">CreateFeatureclass \\prec.inst\kankyo\2024\2024-112_府中基地跡R6\GIS\SHP 外周フェンス下部の隙間 POINT # DISABLED DISABLED "PROJCS['JGD_2011_Japan_Zone_9',GEOGCS['GCS_JGD_2011',DATUM['D_JGD_2011',SPHEROID['GRS_1980',6378137.0,298.257222101]],PRIMEM['Greenwich',0.0],UNIT['Degree',0.0174532925199433]],PROJECTION['Transverse_Mercator'],PARAMETER['False_Easting',0.0],PARAMETER['False_Northing',0.0],PARAMETER['Central_Meridian',139.8333333333333],PARAMETER['Scale_Factor',0.9999],PARAMETER['Latitude_Of_Origin',36.0],UNIT['Meter',1.0]];-5622600 -13986300 10000;-100000 10000;-100000 10000;0.001;0.001;0.001;IsHighPrecision" # 0 0 0</Process></lineage><itemProps><itemLocation><linkage Sync="TRUE">file://\\prec.inst\kankyo\2024\2024-112_府中基地跡R6\99_成果品\GIS\SHP\外周フェンス下部の隙間</linkage><protocol Sync="TRUE">Local Area Network</protocol></itemLocation></itemProps><copyHistory><copy source="C:\Users\m-hamada\Documents\00プロジェクト\2024-112_府中基地跡R6\GIS\SHP\外周フェンス下部の隙間" dest="\\prec.inst\kankyo\2024\2024-112_府中基地跡R6\99_成果品\GIS\SHP\外周フェンス下部の隙間" date="20250306" time="22150000"></copy></copyHistory></DataProperties></Esri></metadata>
