<?xml version="1.0" encoding="UTF-8"?>
<metadata xml:lang="ja"><Esri><CreaDate>20250306</CreaDate><CreaTime>22150300</CreaTime><ArcGISFormat>1.0</ArcGISFormat><SyncOnce>TRUE</SyncOnce><DataProperties><itemProps><itemLocation><linkage Sync="TRUE">file://\\prec.inst\kankyo\2024\2024-112_府中基地跡R6\99_成果品\GIS\SHP\重要植物種</linkage><protocol Sync="TRUE">Local Area Network</protocol></itemLocation></itemProps><copyHistory><copy source="C:\Users\m-hamada\Documents\00プロジェクト\2024-112_府中基地跡R6\GIS\SHP\重要植物種" dest="\\prec.inst\kankyo\2024\2024-112_府中基地跡R6\99_成果品\GIS\SHP\重要植物種" date="20250306" time="22150300"></copy></copyHistory></DataProperties></Esri></metadata>
